Ticker,Market,ETF Name,Category,Subcategory
AADR,NYSE Arca,AdvisorShares WCM/BNY Mellon Focused Growth ADR ETF,Active ETFs,
ACCU,NYSE Arca,AdvisorShares Accuvest Global Opportunities ETF,Active ETFs,
ALD,NYSE Arca,WisdomTree Asia Local Debt,Active ETFs,
ARKG,NYSE Arca,ARK Genomic Revolution Multi-Sector ETF,Active ETFs,
ARKK,NYSE Arca,ARK Innovation ETF,Active ETFs,
ARKQ,NYSE Arca,ARK Industrial Innovation ETF,Active ETFs,
ARKW,NYSE Arca,ARK Web x.0 ETF,Active ETFs,
AUNZ,NYSE Arca,WisdomTree Australia & New Zealand Debt Fund,Active ETFs,
BABZ,NYSE Arca,PIMCO Build America Bond Strategy,Active ETFs,
BOND,NYSE Arca,PIMCO Total Return ETF,Active ETFs,
BZF,NYSE Arca,WisdomTree Dreyfus Brazilian Real Fund,Active ETFs,
CCX,NYSE Arca,WisdomTree Commodity Currency,Active ETFs,
CEW,NYSE Arca,WisdomTree Dreyfus Emerging Currency,Active ETFs,
CHNA,NYSE Arca,PowerShares China-A Share Portfolio,Active ETFs,
CRDT,NYSE Arca,WisdomTree Strategic Corporate Bond Fund,Active ETFs,
CYB,NYSE Arca,WisdomTree Dreyfus Chinese Yuan,Active ETFs,
DBIZ,NYSE Arca,AdvisorShares Pring Turner Business Cycle ETF,Active ETFs,
DI,NYSE Arca,PIMCO Diversified Income ETF,Active ETFs,
ELD,NYSE Arca,WisdomTree Emerging Markets Local Debts Fund,Active ETFs,
EMCB,NYSE Arca,WisdomTree Emerging Markets Corporate Bond Fund,Active ETFs,
EMLP,NYSE Arca,First Trust North American Energy Infrastructure Fund,Active ETFs,
EPRO,NYSE Arca,AdvisorShares EquityPro ETF,Active ETFs,
EU,NYSE Arca,WisdomTree Euro Debt Fund,Active ETFs,
FMB,NYSE Arca,First Trust Managed Municipal ETF,Active ETFs,
FMF,NYSE Arca,First Trust Morningstar Managed Futures Strategy Fund,Active ETFs,
FORX,NYSE Arca,PIMCO Foreign Currency Strategy ETF,Active ETFs,
FPE,NYSE Arca,First Trust Preferred Securities and Income ETF,Active ETFs,
FTGS,NYSE Arca,First Trust Global Tactical Commodity Strategy Fund,Active ETFs,
FTHI,NYSE Arca,First Trust High Income ETF,Active ETFs,
FTLB,NYSE Arca,First Trust Low Beta Income ETF,Active ETFs,
FTSD,NYSE Arca,Franklin Short Duration US Government ETF,Active ETFs,
FTSL,NYSE Arca,First Trust Senior Loan ETF,Active ETFs,
FWDB,NYSE Arca,AdvisorShares Madrona Global Bond ETF,Active ETFs,
FWDD,NYSE Arca,AdvisorShares Madrona Domestic ETF,Active ETFs,
FWDI,NYSE Arca,AdvisorShares Madrona International ETF,Active ETFs,
GAL,NYSE Arca,SPDR SSgA Global Allocation,Active ETFs,
GEUR,NYSE Arca,AdvisorShares Gartman Gold/Euro ETF,Active ETFs,
GGBP,NYSE Arca,AdvisorShares Gartman Gold/British Pound ETF,Active ETFs,
GIVE,NYSE Arca,AdvisorShares Global Echo ETF,Active ETFs,
GLDE,NYSE Arca,AdvisorShares International Gold ETF,Active ETFs,
GMMB,NYSE Arca,Columbia Intermediate Municipal Bond ETF,Active ETFs,
GMTB,NYSE Arca,Columbia Core Bond ETF,Active ETFs,
GSY,NYSE Arca,Guggenheim Enhanced Short Duration Bond ETF,Active ETFs,
GTAA,NYSE Arca,AdvisorShares Cambria Global Tactical ETF,Active ETFs,
GVT,NYSE Arca,Columbia Select Large Cap Value ETF,Active ETFs,
GYEN,NYSE Arca,AdvisorShares Gartman Gold/Yen ETF,Active ETFs,
HDGE,NYSE Arca,AdvisorShares Ranger Equity Bear ETF,Active ETFs,
HDGI,NYSE Arca,AdvisorShares Athena International Bear ETF,Active ETFs,
HECO,NYSE Arca,Huntington EcoLogical Strategy ETF,Active ETFs,
HOLD,NYSE Arca,AdvisorShares Sage Core Reserves ETF,Active ETFs,
HUSE,NYSE Arca,Huntington U.S. Equity Rotation Strategy ETF,Active ETFs,
HYLD,NYSE Arca,AdvisorShares Peritus High Yield ETF,Active ETFs,
HYLS,NYSE Arca,First Trust Tactical High Yield ETF,Active ETFs,
ICB,NYSE Arca,WisdomTree Dreyfus Indian Rupee,Active ETFs,
ICSH,NYSE Arca,iShares Liquidity Income ETF,Active ETFs,
IEIL,NYSE Arca,iShares Enhanced International Large-Cap ETF,Active ETFs,
IEIS,NYSE Arca,iShares Enhanced International Small-Cap ETF,Active ETFs,
IELG,NYSE Arca,iShares Enhanced U.S. Large-Cap ETF,Active ETFs,
IESM,NYSE Arca,iShares Enhanced U.S. Small-Cap ETF,Active ETFs,
ILB,NYSE Arca,PIMCO Global Advantage Inflation-Linked Bond Strategy,Active ETFs,
INKM,NYSE Arca,SPDR SSgA Income Allocation,Active ETFs,
LALT,NYSE Arca,PowerShares Multi-Strategy Alternative Portfolio,Active ETFs,
LDUR,NYSE Arca,PIMCO Low Duration ETF,Active ETFs,
MATH,NYSE Arca,AdvisorShares Meidell Tactical Advantage ETF,Active ETFs,
MINC,NYSE Arca,AdvisorShares Newfleet Multi-Sector Income ETF,Active ETFs,
MINT,NYSE Arca,PIMCO Enhanced Short Duration ETF,Active ETFs,
MUNI,NYSE Arca,PIMCO Intermediate Muni Bond Strategy ETF,Active ETFs,
NEAR,NYSE Arca,iShares Short Maturity Bond ETF,Active ETFs,
ONEF,NYSE Arca,Russell Equity ETF,Active ETFs,
PHDG,NYSE Arca,S&P 500 Downside Hedged Portfolio,Active ETFs,
PSR,NYSE Arca,Active U.S. Real Estate Fund ETF,Active ETFs,
QEH,NYSE Arca,AdvisorShares QAM Equity Hedge ETF,Active ETFs,
RAVI,NYSE Arca,Flexshares Ready Access Variable Income Fund,Active ETFs,
RIGS,NYSE Arca,Riverfront Strategic Income Fund,Active ETFs,
RLY,NYSE Arca,SPDR SSgA Multi-Asset Real Return,Active ETFs,
RPX,NYSE Arca,Columbia Large Cap Growth ETF,Active ETFs,
RRF,NYSE Arca,WisdomTree Global Real Return,Active ETFs,
RWG,NYSE Arca,Columbia Select Large Cap Growth ETF,Active ETFs,
SMMU,NYSE Arca,PIMCO Short Term Muni Bond Strategy ETF,Active ETFs,
SRLN,NYSE Arca,SPDR Blackstone/GSO Senior Loan ETF,Active ETFs,
SYE,NYSE Arca,SPDR MFS Systematic Core Equity ETF,Active ETFs,
SYG,NYSE Arca,SPDR MFS Systematic Growth Equity ETF,Active ETFs,
SYLD,NYSE Arca,Cambria Shareholder Yield ETF,Active ETFs,
SYV,NYSE Arca,SPDR MFS Systematic Value Equity ETF,Active ETFs,
TTFS,NYSE Arca,AdvisorShares TrimTabs Float Shrink ETF,Active ETFs,
ULST,NYSE Arca,SPDR SSgA Ultra Short Term Bond ETF,Active ETFs,
USDU,NYSE Arca,WisdomTree Bloomberg U.S. Dollar Bullish Fund,Active ETFs,
VEGA,NYSE Arca,AdvisorShares STAR Global Buy-Write ETF,Active ETFs,
WDTI,NYSE Arca,WisdomTree Managed Futures Strategy Fund,Active ETFs,
YPRO,NYSE Arca,AdvisorShares YieldPro ETF,Active ETFs,
AGG,NYSE Arca,iShares Barclays Aggregate Bond,Bond ETFs,
BIL,NYSE Arca,SPDR Barclays 1-3 Month T-Bill,Bond ETFs,
BIV,NYSE Arca,Vanguard Intermediate-Term Bond,Bond ETFs,
BKLN,NYSE Arca,PowerShares Senior Loan Port,Bond ETFs,
BLV,NYSE Arca,Vanguard Long-Term Bond,Bond ETFs,
BND,NYSE Arca,Vanguard Total Bond Market,Bond ETFs,
BNDX,NASDAQ,Vanguard Total Intl Bd Idx ETF,Bond ETFs,
BSV,NYSE Arca,Vanguard Short-Term Bond,Bond ETFs,
BWX,NYSE Arca,SPDR Barclays International Treasury Bd,Bond ETFs,
CIU,NYSE Arca,iShares Intermediate Credit Bd,Bond ETFs,
CSJ,NYSE Arca,iShares 1-3 Year Credit Bond,Bond ETFs,
CWB,NASDAQ,SPDR Barclays Capital Convertible Secs,Bond ETFs,
EDV,NYSE Arca,Vanguard Extended Duration Treasury,Bond ETFs,
EMB,NYSE Arca,iShares JPMorgan USD Emerg Markets Bond,Bond ETFs,
FLOT,NYSE Arca,iShares Floating Rate Bond,Bond ETFs,
GVI,NYSE Arca,iShares Intm Government/Credit Bond,Bond ETFs,
HYD,NYSE Arca,Market Vectors High-Yield Muni ETF,Bond ETFs,
HYG,NYSE Arca,iShares iBoxx $ High Yield Corp Bond,Bond ETFs,
HYS,NYSE Arca,PIMCO 0-5 Year High Yld Corp Bd Idx ETF,Bond ETFs,
IEF,NYSE Arca,iShares Barclays 7-10 Year Treasury,Bond ETFs,
IEI,NYSE Arca,iShares 3-7 Year Treasury Bond,Bond ETFs,
JNK,NYSE Arca,SPDR Barclays Capital High Yield Bond ETF,Bond ETFs,
LQD,NYSE Arca,iShares iBoxx $ Invest Grade Corp Bond,Bond ETFs,
MBB,NYSE Arca,iShares MBS,Bond ETFs,
MUB,NYSE Arca,iShares National AMT-Free Muni Bond,Bond ETFs,
PCY,NYSE Arca,PowerShares Emerging Mkts Sovereign Debt,Bond ETFs,
SCHO,NYSE Arca,Schwab Short-Term US Treasury,Bond ETFs,
SCHP,NYSE Arca,Schwab US TIPS,Bond ETFs,
SCHR,NYSE Arca,Schwab Intermediate-Term US Treasury,Bond ETFs,
SCHZ,NYSE Arca,Schwab US Aggregate Bond,Bond ETFs,
SCPB,NYSE Arca,SPDR Barclays Capital Short Term Corp Bd,Bond ETFs,
SHM,NYSE Arca,SPDR Nuveen Barclays Capital S/T Muni Bd,Bond ETFs,
SHV,NYSE Arca,iShares Short Treasury Bond,Bond ETFs,
SHY,NYSE Arca,iShares Barclays 1-3 Year Treasury Bond,Bond ETFs,
SJNK,NYSE Arca,SPDR Barclays Short Term Hi Yld Bd ETF,Bond ETFs,
STPZ,NYSE Arca,PIMCO 1-5 Year US TIPS Index ETF,Bond ETFs,
TDTT,NYSE Arca,FlexShares iBoxx 3Yr Target Dur TIPS ETF,Bond ETFs,
TFI,NYSE Arca,SPDR Nuveen Barclays Capital Muni Bond,Bond ETFs,
TIP,NYSE Arca,iShares Barclays TIPS Bond,Bond ETFs,
TLT,NYSE Arca,iShares Barclays 20+ Year Treas Bond,Bond ETFs,
VCIT,NYSE Arca,Vanguard Intermediate-Term Corporate Bond,Bond ETFs,
VCLT,NYSE Arca,Vanguard Long-Term Corporate Bond,Bond ETFs,
VCSH,NYSE Arca,Vanguard Short-Term Corporate Bond,Bond ETFs,
VGIT,NYSE Arca,Vanguard Intermediate-Term Government Bond,Bond ETFs,
VGLT,NYSE Arca,Vanguard Long-Term Government Bond,Bond ETFs,
VGSH,NYSE Arca,Vanguard Short-Term Government Bond,Bond ETFs,
VMBS,NYSE Arca,Vanguard Mortgage-Backed Securities,Bond ETFs,
VTIP,NASDAQ,Vanguard Shrt-Term Infl-Prot Sec Idx ETF,Bond ETFs,
DBA,NYSE Arca,PowerShares DB Agriculture,Commodity ETFs,Agricultural ETFs
JJA,NYSE Arca,iPath Dow Jones-UBS Agriculture ETN,Commodity ETFs,Agricultural ETFs
RJA,NYSE Arca,ELEMENTS Rogers Agriculture ETN,Commodity ETFs,Agricultural ETFs
DBC,NYSE Arca,PowerShares DB Commodity Idx Trking Fund,Commodity ETFs,Broad basket
DJP,NYSE Arca,iPath Dow Jones-UBS Commodity Idx TR ETN,Commodity ETFs,Broad basket
GSG,NYSE Arca,iShares S&P GSCI Commodity-Indexed Trust,Commodity ETFs,Broad basket
RJI,NYSE Arca,ELEMENTS Rogers International Commodity Index ETN,Commodity ETFs,Broad basket
GAZ,NYSE Arca,iPath Dow Jones-UBS Natural Gas ETN,Commodity ETFs,Energy commodity ETFs
OIL,NYSE Arca,iPath Dow Jones-UBS Crude Oil ETN,Commodity ETFs,Energy commodity ETFs
RJN,NYSE Arca,ELEMENTS Rogers Energy ETN,Commodity ETFs,Energy commodity ETFs
UNG,NYSE Arca,United States Natural Gas Fund,Commodity ETFs,Energy commodity ETFs
USO,NYSE Arca,United States Oil Fund,Commodity ETFs,Energy commodity ETFs
DBB,NYSE Arca,PowerShares DB Base Metals,Commodity ETFs,Industrial commodity ETFs
JJC,NYSE Arca,iPath Dow Jones-UBS Copper ETN,Commodity ETFs,Industrial commodity ETFs
JJM,NYSE Arca,iPath Dow Jones-UBS Industrial Metals ETN,Commodity ETFs,Industrial commodity ETFs
RJZ,NYSE Arca,ELEMENTS Rogers Metal ETN,Commodity ETFs,Industrial commodity ETFs
GLD,NYSE Arca,SPDR Gold Shares,Commodity ETFs,Precious metals ETFs
IAU,NYSE Arca,iShares Gold Trust,Commodity ETFs,Precious metals ETFs
PALL,NYSE Arca,ETFS Physical Palladium Shares,Commodity ETFs,Precious metals ETFs
PPLT,NYSE Arca,ETFS Physical Platinum Shares,Commodity ETFs,Precious metals ETFs
SGOL,NYSE Arca,ETFS Physical Swiss Gold Shares,Commodity ETFs,Precious metals ETFs
SIVR,NYSE Arca,ETFS Physical Silver Shares,Commodity ETFs,Precious metals ETFs
SLV,NYSE Arca,iShares Silver Trust,Commodity ETFs,Precious metals ETFs
BGU,NYSE Arca,Direxion Large Cap Bull 3x,Leveraged & short ETFs,Leveraged ETFs
DDM,NYSE Arca,ProShares Ultra Dow 30,Leveraged & short ETFs,Leveraged ETFs
ERX,NYSE Arca,Direxion Energy Bull 3x ETF,Leveraged & short ETFs,Leveraged ETFs
FAS,NYSE Arca,Direxion Financials Bull 3x ETF,Leveraged & short ETFs,Leveraged ETFs
MIDU,NYSE Arca,Direxion Daily Mid Cap Bull 3x ETF,Leveraged & short ETFs,Leveraged ETFs
QLD,NYSE Arca,ProShares Ultra NASDAQ-100,Leveraged & short ETFs,Leveraged ETFs
SPUU,NYSE Arca,Direxion Daily S&P 500 Bull 2x ETF,Leveraged & short ETFs,Leveraged ETFs
SPXL,NYSE Arca,Direxion Daily S&P 500 Bull 3x ETF,Leveraged & short ETFs,Leveraged ETFs
SSO,NYSE Arca,ProShares Ultra S&P 500,Leveraged & short ETFs,Leveraged ETFs
TNA,NYSE Arca,Direxion Small Cap Bull 3x,Leveraged & short ETFs,Leveraged ETFs
UPRO,NYSE Arca,ProShares S&P 500 3x,Leveraged & short ETFs,Leveraged ETFs
UWM,NYSE Arca,ProShares Ultra Russell 2000,Leveraged & short ETFs,Leveraged ETFs
BGZ,NYSE Arca,Direxion Large Cap Bear 3x ETF,Leveraged & short ETFs,Leveraged short ETFs
DUG,NYSE Arca,UltraShort Oil & Gas ProShares,Leveraged & short ETFs,Leveraged short ETFs
DXD,NYSE Arca,UltraShort Dow 30 ProShares,Leveraged & short ETFs,Leveraged short ETFs
ERY,NYSE Arca,Direxion Energy Bear 3x ETF,Leveraged & short ETFs,Leveraged short ETFs
FAZ,NYSE Arca,Direxion Financials Bear 3x ETF,Leveraged & short ETFs,Leveraged short ETFs
MZZ,NYSE Arca,UltraShort MidCap 400 ProShares,Leveraged & short ETFs,Leveraged short ETFs
QID,NYSE Arca,UltraShort NASDAQ-100 ProShares  2X,Leveraged & short ETFs,Leveraged short ETFs
SDS,NYSE Arca,UltraShort S&P 500 ProShares 2x,Leveraged & short ETFs,Leveraged short ETFs
SKF,NYSE Arca,UltraShort Financials ProShares,Leveraged & short ETFs,Leveraged short ETFs
SPXU,NYSE Arca,ProShares S&P 500 Direxionshares Bear 3x ETF,Leveraged & short ETFs,Leveraged short ETFs
SRS,NYSE Arca,UltraShort Real Estate ProShares,Leveraged & short ETFs,Leveraged short ETFs
TWM,NYSE Arca,UltraShort Russell 2000 ProShares,Leveraged & short ETFs,Leveraged short ETFs
TZA,NYSE Arca,Direxion Russell 2000 Direxionshares Bear 3x ETF,Leveraged & short ETFs,Leveraged short ETFs
DOG,NYSE Arca,ProShares Short Dow 30,Leveraged & short ETFs,Short ETFs
EFZ,NYSE Arca,ProShares Short MSCI EAFE,Leveraged & short ETFs,Short ETFs
MYY,NYSE Arca,ProShares Short S&P MidCap 400,Leveraged & short ETFs,Short ETFs
PSQ,NYSE Arca,ProShares Short Nasdaq 100,Leveraged & short ETFs,Short ETFs
RWM,NYSE Arca,ProShares Short Russell 2000,Leveraged & short ETFs,Short ETFs
SBB,NYSE Arca,ProShares Short S&P SmallCap 600,Leveraged & short ETFs,Short ETFs
SH,NYSE Arca,ProShares Short S&P 500,Leveraged & short ETFs,Short ETFs
ICF,NYSE Arca,iShares Cohen & Steers Realty Majors,Real estate ETFs,
IFAS,NYSE Arca,iShares Dow Jones Asia Real Estate,Real estate ETFs,
IFEU,NYSE Arca,iShares Dow Jones Europe Real Estate,Real estate ETFs,
IYR,NYSE Arca,iShares Dow Jones US Real Estate,Real estate ETFs,
REM,NYSE Arca,iShares Mortgage Real Estate Capped,Real estate ETFs,
RWO,NYSE Arca,SPDR Dow Jones Global Real Estate,Real estate ETFs,
RWR,NYSE Arca,SPDR Dow Jones REIT ETF,Real estate ETFs,
RWX,NYSE Arca,SPDR Dow Jones Intl Real Estate,Real estate ETFs,
SCHH,NYSE Arca,Schwab US REIT,Real estate ETFs,
VNQ,NYSE Arca,Vanguard REIT,Real estate ETFs,
VNQI,NYSE Arca,Vanguard Global ex-US Real Estate,Real estate ETFs,
WREI,NYSE Arca,Wilshire US REIT ETF,Real estate ETFs,
ACWX,NASDAQ,iShares MSCI ACWI ex US Index,Stock ETFs,Broad ex-US ETFs
BKF,NYSE Arca,iShares MSCI BRIC Index,Stock ETFs,Broad ex-US ETFs
DEM,NYSE Arca,WisdomTree Emerging Markets Equity Inc,Stock ETFs,Broad ex-US ETFs
DGS,NYSE Arca,WisdomTree Emerging Mkts SmallCap Div,Stock ETFs,Broad ex-US ETFs
DWX,NYSE Arca,SPDR S&P International Dividend,Stock ETFs,Broad ex-US ETFs
ECON,NYSE Arca,EGShares Emerging Markets Consumer,Stock ETFs,Broad ex-US ETFs
EEB,NYSE Arca,Claymore/BNY BRIC,Stock ETFs,Broad ex-US ETFs
EEM,NYSE Arca,iShares MSCI Emerging Markets Index,Stock ETFs,Broad ex-US ETFs
EFA,NYSE Arca,iShares MSCI EAFE Index,Stock ETFs,Broad ex-US ETFs
EFG,NYSE Arca,iShares MSCI EAFE Growth Index,Stock ETFs,Broad ex-US ETFs
EFV,NYSE Arca,iShares MSCI EAFE Value Index,Stock ETFs,Broad ex-US ETFs
FNDC,NYSE Arca,Schwab Fundamental International Small Company Index ETF,Stock ETFs,Broad ex-US ETFs
FNDE,NYSE Arca,Schwab Fundamental Emerging Markets Large Company Index ETF,Stock ETFs,Broad ex-US ETFs
FNDF,NYSE Arca,Schwab Fundamental International Large Company Index ETF,Stock ETFs,Broad ex-US ETFs
IDV,NYSE Arca,iShares International Select Div,Stock ETFs,Broad ex-US ETFs
PID,NYSE Arca,PowerShares Intl Dividend Achievers,Stock ETFs,Broad ex-US ETFs
SCHC,NYSE Arca,Schwab International Small-Cap Equity,Stock ETFs,Broad ex-US ETFs
SCHE,NYSE Arca,Schwab Emerging Markets Equity ETF,Stock ETFs,Broad ex-US ETFs
SCHF,NYSE Arca,Schwab International Equity ETF,Stock ETFs,Broad ex-US ETFs
SCZ,NYSE Arca,iShares MSCI EAFE Small-Cap,Stock ETFs,Broad ex-US ETFs
VEA,NYSE Arca,Vanguard MSCI EAFE,Stock ETFs,Broad ex-US ETFs
VEU,NYSE Arca,Vanguard FTSE All-World ex-US,Stock ETFs,Broad ex-US ETFs
VSS,NYSE Arca,Vanguard FTSE All-World ex-US Small-Cap,Stock ETFs,Broad ex-US ETFs
VWO,NYSE Arca,Vanguard MSCI Emerging Markets,Stock ETFs,Broad ex-US ETFs
VXUS,NYSE Arca,Vanguard Total International Stock,Stock ETFs,Broad ex-US ETFs
ACWI,NASDAQ,iShares MSCI ACWI Index,Stock ETFs,Broad market ETFs
FNDB,NYSE Arca,Schwab Fundamental U.S. Broad Market Index ETF,Stock ETFs,Broad market ETFs
ITOT,NYSE Arca,iShares Core S&P Total US Stock Mkt,Stock ETFs,Broad market ETFs
IWV,NYSE Arca,iShares Russell 3000 Index,Stock ETFs,Broad market ETFs
SCHB,NYSE Arca,Schwab US Broad Market ETF,Stock ETFs,Broad market ETFs
VT,NYSE Arca,Vanguard Total World Stock,Stock ETFs,Broad market ETFs
VTHR,NYSE Arca,Vanguard Russell 3000,Stock ETFs,Broad market ETFs
VTI,NYSE Arca,Vanguard Total Stock Market,Stock ETFs,Broad market ETFs
ARGT,NYSE Arca,Global X FTSE Argentina 20 ETF,Stock ETFs,Country ETFs
BRAF,NYSE Arca,Global X Brazil Financials ETF,Stock ETFs,Country ETFs
BRAQ,NYSE Arca,Global X Brazil Consumer ETF,Stock ETFs,Country ETFs
BRAZ,NYSE Arca,Global X Brazil Mid Cap ETF,Stock ETFs,Country ETFs
DXJ,NYSE Arca,WisdomTree Japan Hedged Equity,Stock ETFs,Country ETFs
EIS,NYSE Arca,iShares MSCI Israel ETF,Stock ETFs,Country ETFs
EPHE,NYSE Arca,iShares MSCI Philippines Index,Stock ETFs,Country ETFs
EPI,NYSE Arca,WisdomTree India Earnings ETF,Stock ETFs,Country ETFs
EWA,NYSE Arca,iShares MSCI Australia Index,Stock ETFs,Country ETFs
EWC,NYSE Arca,iShares MSCI Canada Index,Stock ETFs,Country ETFs
EWD,NYSE Arca,iShares MSCI Sweden Index,Stock ETFs,Country ETFs
EWG,NYSE Arca,iShares MSCI German Index,Stock ETFs,Country ETFs
EWH,NYSE Arca,iShares MSCI Hong Kong Index,Stock ETFs,Country ETFs
EWI,NYSE Arca,iShares MSCI Italy Capped,Stock ETFs,Country ETFs
EWJ,NYSE Arca,iShares MSCI Japan Index,Stock ETFs,Country ETFs
EWL,NYSE Arca,iShares MSCI Switzerland Capped,Stock ETFs,Country ETFs
EWM,NYSE Arca,iShares MSCI Malaysia Index,Stock ETFs,Country ETFs
EWP,NYSE Arca,iShares MSCI Spain Capped,Stock ETFs,Country ETFs
EWS,NYSE Arca,iShares MSCI Singapore Index,Stock ETFs,Country ETFs
EWT,NYSE Arca,iShares MSCI Taiwan Index,Stock ETFs,Country ETFs
EWU,NYSE Arca,iShares MSCI United Kingdom Index,Stock ETFs,Country ETFs
EWW,NYSE Arca,iShares MSCI Mexico Index,Stock ETFs,Country ETFs
EWY,NYSE Arca,iShares MSCI South Korea Index,Stock ETFs,Country ETFs
EWZ,NYSE Arca,iShares MSCI Brazil Index,Stock ETFs,Country ETFs
FXI,NYSE Arca,iShares FTSE/Xinhua China 25 Index,Stock ETFs,Country ETFs
GXG,NYSE Arca,Global X FTSE Colombia 20 ETF,Stock ETFs,Country ETFs
NORW,NYSE Arca,Global X FTSE Norway 30 ETF,Stock ETFs,Country ETFs
RSX,NYSE Arca,Market Vectors Russia ETF,Stock ETFs,Country ETFs
EXI,NYSE Arca,iShares S&P Global Industrials,Stock ETFs,Global sectors
GUNR,NYSE Arca,FlexShares Mstar Gbl Upstrm Nat Res ETF,Stock ETFs,Global sectors
IPD,NYSE Arca,SPDR S&P International Consumer Discretionary,Stock ETFs,Global sectors
IPF,NYSE Arca,SPDR S&P International Financial,Stock ETFs,Global sectors
IPK,NYSE Arca,SPDR S&P International Technology,Stock ETFs,Global sectors
IPN,NYSE Arca,SPDR S&P International Industrial,Stock ETFs,Global sectors
IPS,NYSE Arca,SPDR S&P International Consumer Staples,Stock ETFs,Global sectors
IPU,NYSE Arca,SPDR S&P International Utilities,Stock ETFs,Global sectors
IPW,NYSE Arca,SPDR S&P International Energy,Stock ETFs,Global sectors
IRV,NYSE Arca,SPDR S&P International Materials,Stock ETFs,Global sectors
IRY,NYSE Arca,SPDR S&P International Health Care,Stock ETFs,Global sectors
IST,NYSE Arca,SPDR S&P International Telecommunications,Stock ETFs,Global sectors
IXC,NYSE Arca,iShares S&P Global Energy,Stock ETFs,Global sectors
IXG,NYSE Arca,iShares S&P Global Financial,Stock ETFs,Global sectors
IXJ,NYSE Arca,iShares S&P Global Healthcare,Stock ETFs,Global sectors
IXN,NYSE Arca,iShares S&P Global Technology,Stock ETFs,Global sectors
IXP,NYSE Arca,iShares S&P Global Telecommunications,Stock ETFs,Global sectors
JXI,NYSE Arca,iShares S&P Global Utilities,Stock ETFs,Global sectors
KXI,NYSE Arca,iShares S&P Global Consumer Staples,Stock ETFs,Global sectors
MXI,NYSE Arca,iShares S7P Global Materials,Stock ETFs,Global sectors
RXI,NYSE Arca,iShares S&P Global Consumer Discretionary,Stock ETFs,Global sectors
DIA,NYSE Arca,"DIAMONDS Trust, Series 1",Stock ETFs,Index-tracking ETFs
IOO,NYSE Arca,iShares S&P Global 100 Index,Stock ETFs,Index-tracking ETFs
OEF,NYSE Arca,iShares S&P 100 Index,Stock ETFs,Index-tracking ETFs
QQQ,NASDAQ,"PowerShares QQQ (""cubes"")",Stock ETFs,Index-tracking ETFs
RSP,NYSE Arca,Guggenheim S&P 500 Equal Weight,Stock ETFs,Index-tracking ETFs
SHE,NYSE Arca,SPDR Gender Diversity,Stock ETFs,Index-tracking ETFs
SPY,NYSE Arca,SPDR S&P 500,Stock ETFs,Index-tracking ETFs
CVY,NYSE Arca,Guggenheim Multi-Asset Income,Stock ETFs,Large-cap ETFs
DLN,NYSE Arca,WisdomTree LargeCap Dividend,Stock ETFs,Large-cap ETFs
DTN,NYSE Arca,WisdomTree Dividend ex-Financials,Stock ETFs,Large-cap ETFs
FNDX,NYSE Arca,Schwab Fundamental U.S. Large Company Index ETF,Stock ETFs,Large-cap ETFs
IVE,NYSE Arca,iShares S&P 500 Value Index,Stock ETFs,Large-cap ETFs
IVV,NYSE Arca,iShares S&P 500 Index,Stock ETFs,Large-cap ETFs
IVW,NYSE Arca,iShares S&P 500 Growth Index,Stock ETFs,Large-cap ETFs
IWB,NYSE Arca,iShares Russell 1000 Index,Stock ETFs,Large-cap ETFs
IWD,NYSE Arca,iShares Russell 1000 Value Index,Stock ETFs,Large-cap ETFs
IWF,NYSE Arca,iShares Russell 1000 Growth Index,Stock ETFs,Large-cap ETFs
MGC,NYSE Arca,Vanguard Mega-Cap 300,Stock ETFs,Large-cap ETFs
MGK,NYSE Arca,Vanguard Mega-Cap 300 Growth,Stock ETFs,Large-cap ETFs
MGV,NYSE Arca,Vanguard Mega-Cap 300 Value,Stock ETFs,Large-cap ETFs
PKW,NYSE Arca,PowerShares Buyback Achievers,Stock ETFs,Large-cap ETFs
PRF,NYSE Arca,PowerShares FTSE RAFI US 1000,Stock ETFs,Large-cap ETFs
RPG,NYSE Arca,Guggenheim S&P 500 Pure Growth ETF,Stock ETFs,Large-cap ETFs
RPV,NYSE Arca,Guggenheim S&P 500 Pure Value ETF,Stock ETFs,Large-cap ETFs
SCHD,NYSE Arca,Schwab US Dividend Equity ETF,Stock ETFs,Large-cap ETFs
SCHG,NYSE Arca,Schwab US Large-Cap Growth ETF,Stock ETFs,Large-cap ETFs
SCHV,NYSE Arca,Schwab US Large-Cap Value ETF,Stock ETFs,Large-cap ETFs
SCHX,NYSE Arca,Schwab US Large-Cap ETF,Stock ETFs,Large-cap ETFs
SDY,NYSE Arca,SPDR S&P Dividend ETF,Stock ETFs,Large-cap ETFs
SPLV,NYSE Arca,PowerShares S&P 500 Low Volatility,Stock ETFs,Large-cap ETFs
VIG,NYSE Arca,Vanguard Dividend Appreciation,Stock ETFs,Large-cap ETFs
VONE,NYSE Arca,Vanguard Russell 1000,Stock ETFs,Large-cap ETFs
VONG,NYSE Arca,Vanguard Russell 1000 Growth,Stock ETFs,Large-cap ETFs
VONV,NYSE Arca,Vanguard Russell 1000 Value,Stock ETFs,Large-cap ETFs
VOO,NYSE Arca,Vanguard S&P 500,Stock ETFs,Large-cap ETFs
VOOG,NYSE Arca,Vanguard S&P 500 Growth,Stock ETFs,Large-cap ETFs
VOOV,NYSE Arca,Vanguard S&P 500 Value,Stock ETFs,Large-cap ETFs
VTV,NYSE Arca,Vanguard Value,Stock ETFs,Large-cap ETFs
VUG,NYSE Arca,Vanguard Growth,Stock ETFs,Large-cap ETFs
VV,NYSE Arca,Vanguard Large-Cap,Stock ETFs,Large-cap ETFs
VYM,NYSE Arca,Vanguard High Dividend Yield,Stock ETFs,Large-cap ETFs
DON,NYSE Arca,WisdomTree MidCap Dividend ETF,Stock ETFs,Mid-cap ETFs
DVY,NYSE Arca,iShares Select Dividend,Stock ETFs,Mid-cap ETFs
IJH,NYSE Arca,iShares S&P MidCap 400 Index,Stock ETFs,Mid-cap ETFs
IJJ,NYSE Arca,iShares S&P MidCap 400 Value Index,Stock ETFs,Mid-cap ETFs
IJK,NYSE Arca,iShares S&P MidCap 400 Growth Index,Stock ETFs,Mid-cap ETFs
IVOG,NYSE Arca,Vanguard S&P Mid-Cap 400 Growth,Stock ETFs,Mid-cap ETFs
IVOO,NYSE Arca,Vanguard S&P Mid-Cap 400,Stock ETFs,Mid-cap ETFs
IVOV,NYSE Arca,Vanguard S&P Mid-Cap 400 Value,Stock ETFs,Mid-cap ETFs
IWP,NYSE Arca,iShares Russell Midcap Growth Index,Stock ETFs,Mid-cap ETFs
IWR,NYSE Arca,iShares Russell Midcap Index,Stock ETFs,Mid-cap ETFs
IWS,NYSE Arca,iShares Russell Midcap Value Index,Stock ETFs,Mid-cap ETFs
MDY,NYSE Arca,MidCap SPDR,Stock ETFs,Mid-cap ETFs
PDP,NYSE Arca,PowerShares DWA Mom Port,Stock ETFs,Mid-cap ETFs
SCHM,NYSE Arca,Schwab US Mid-Cap,Stock ETFs,Mid-cap ETFs
VO,NYSE Arca,Vanguard Mid-Cap,Stock ETFs,Mid-cap ETFs
VOE,NYSE Arca,Vanguard Mid-Cap Value,Stock ETFs,Mid-cap ETFs
VOT,NYSE Arca,Vanguard Mid-Cap Growth,Stock ETFs,Mid-cap ETFs
VXF,NYSE Arca,Vanguard Extended Market,Stock ETFs,Mid-cap ETFs
AAXJ,NASDAQ,iShares MSCI All Country Asia ex Jpn Idx,Stock ETFs,Regional ex-US ETFs
AND,NYSE Arca,Global X FTSE Andean 40 ETF,Stock ETFs,Regional ex-US ETFs
DFE,NYSE Arca,WisdomTree Europe SmallCap Dividend,Stock ETFs,Regional ex-US ETFs
EPP,NYSE Arca,iShares MSCI Pacific ex-Japan,Stock ETFs,Regional ex-US ETFs
EZU,NYSE Arca,iShares MSCI EMU Index,Stock ETFs,Regional ex-US ETFs
FEZ,NYSE Arca,SPDR EURO STOXX 50,Stock ETFs,Regional ex-US ETFs
GXF,NYSE Arca,Global X FTSE Nordic Region ETF,Stock ETFs,Regional ex-US ETFs
HEDJ,NYSE Arca,WisdomTree Europe Hedged Equity ETF,Stock ETFs,Regional ex-US ETFs
IEV,NYSE Arca,iShares S&P Europe 350 Index,Stock ETFs,Regional ex-US ETFs
ILF,NYSE Arca,iShares S&P Latin America 40 Index,Stock ETFs,Regional ex-US ETFs
VGK,NYSE Arca,Vanguard MSCI Europe,Stock ETFs,Regional ex-US ETFs
VPL,NYSE Arca,Vanguard MSCI Pacific,Stock ETFs,Regional ex-US ETFs
FNDA,NYSE Arca,Schwab Fundamental U.S. Small Company Index ETF,Stock ETFs,Small-cap ETFs
IJR,NYSE Arca,iShares S&P SmallCap 600 Index,Stock ETFs,Small-cap ETFs
IJS,NYSE Arca,iShares S&P SmallCap 600 Value Index,Stock ETFs,Small-cap ETFs
IJT,NYSE Arca,iShares S&P SmallCap 600 Growth Index,Stock ETFs,Small-cap ETFs
IWC,NYSE Arca,iShares Micro-Cap,Stock ETFs,Small-cap ETFs
IWM,NYSE Arca,iShares Russell 2000 Index,Stock ETFs,Small-cap ETFs
IWN,NYSE Arca,iShares Russell 2000 Value Index,Stock ETFs,Small-cap ETFs
IWO,NYSE Arca,iShares Russell 2000 Growth Index,Stock ETFs,Small-cap ETFs
SCHA,NYSE Arca,Schwab US Small-Cap ETF,Stock ETFs,Small-cap ETFs
VB,NYSE Arca,Vanguard Small-Cap,Stock ETFs,Small-cap ETFs
VBK,NYSE Arca,Vanguard Small-Cap Growth,Stock ETFs,Small-cap ETFs
VBR,NYSE Arca,Vanguard Small-Cap Value,Stock ETFs,Small-cap ETFs
VIOG,NYSE Arca,Vanguard S&P Small-Cap 600 Growth,Stock ETFs,Small-cap ETFs
VIOO,NYSE Arca,Vanguard S&P Small-Cap 600,Stock ETFs,Small-cap ETFs
VIOV,NYSE Arca,Vanguard S&P Small-Cap 600 Value,Stock ETFs,Small-cap ETFs
VTWG,NYSE Arca,Vanguard Russell 2000 Growth,Stock ETFs,Small-cap ETFs
VTWO,NYSE Arca,Vanguard Russell 2000,Stock ETFs,Small-cap ETFs
VTWV,NYSE Arca,Vanguard Russell 2000 Value,Stock ETFs,Small-cap ETFs
AMLP,NYSE Arca,ALPS Alerian MLP ETF,Stock ETFs,US domestic sectors
ESPO,NYSE Arca,VanEck Vectors Video Gaming and eSports ETF,Stock ETFs,US domestic sectors
FBT,NYSE Arca,First Trust NYSE Arca Biotech Index,Stock ETFs,US domestic sectors
FDN,NYSE Arca,First Trust Dow Jones Internet Index,Stock ETFs,US domestic sectors
FXH,NYSE Arca,First Trust Health Care AlphaDEX,Stock ETFs,US domestic sectors
GDX,NYSE Arca,Market Vectors Gold Miners ETF,Stock ETFs,US domestic sectors
GDXJ,NYSE Arca,Market Vectors Junior Gold Miners ETF,Stock ETFs,US domestic sectors
IBB,NASDAQ,iShares Nasdaq Biotechnology,Stock ETFs,US domestic sectors
IDU,NYSE Arca,iShares Dow Jones US Utilities,Stock ETFs,US domestic sectors
IGE,NYSE Arca,iShares North American Natural Resources,Stock ETFs,US domestic sectors
IGV,NYSE Arca,iShares North American Tech-Software,Stock ETFs,US domestic sectors
ITB,NYSE Arca,iShares US Home Construction,Stock ETFs,US domestic sectors
IYC,NYSE Arca,iShares Dow Jones US Consumer Services,Stock ETFs,US domestic sectors
IYE,NYSE Arca,iShares Dow Jones US Energy,Stock ETFs,US domestic sectors
IYF,NYSE Arca,iShares Dow Jones US Financial,Stock ETFs,US domestic sectors
IYH,NYSE Arca,iShares Dow Jones US Health Care,Stock ETFs,US domestic sectors
IYJ,NYSE Arca,iShares Dow Jones US Industrial,Stock ETFs,US domestic sectors
IYK,NYSE Arca,iShares Dow Jones US Consumer Goods,Stock ETFs,US domestic sectors
IYM,NYSE Arca,iShares Dow Jones US Materials,Stock ETFs,US domestic sectors
IYW,NYSE Arca,iShares Dow Jones US Technology,Stock ETFs,US domestic sectors
IYZ,NYSE Arca,iShares Dow Jones US Telecommunications,Stock ETFs,US domestic sectors
KBE,NYSE Arca,SPDR S&P Bank ETF,Stock ETFs,US domestic sectors
KRE,NYSE Arca,SPDR S&P Regional Banking ETF,Stock ETFs,US domestic sectors
NERD,NERD:NYSE Arca,Roundhill BITKRAFT Esports & Digital Entertainment ETF,Stock ETFs,US domestic sectors
OIH,NYSE Arca,Market Vectors Oil Services ETF,Stock ETFs,US domestic sectors
PJP,NYSE Arca,PowerShares Dynamic Pharmaceuticals,Stock ETFs,US domestic sectors
QCLN,NASDAQ,Clean Edge Green Energy,Stock ETFs,US domestic sectors
VAW,NYSE Arca,Vanguard Materials,Stock ETFs,US domestic sectors
VCR,NYSE Arca,Vanguard Consumer Discretionary,Stock ETFs,US domestic sectors
VDC,NYSE Arca,Vanguard Consumer Staples,Stock ETFs,US domestic sectors
VDE,NYSE Arca,Vanguard Energy,Stock ETFs,US domestic sectors
VFH,NYSE Arca,Vanguard Financials,Stock ETFs,US domestic sectors
VGT,NYSE Arca,Vanguard Information Technology,Stock ETFs,US domestic sectors
VHT,NYSE Arca,Vanguard Health Care,Stock ETFs,US domestic sectors
VIS,NYSE Arca,Vanguard Industrials,Stock ETFs,US domestic sectors
VOX,NYSE Arca,Vanguard Telecommunication Services,Stock ETFs,US domestic sectors
VPU,NYSE Arca,Vanguard Utilities,Stock ETFs,US domestic sectors
XBI,NYSE Arca,SPDR S&P Biotech ETF,Stock ETFs,US domestic sectors
XHB,NYSE Arca,SPDR S&P Homebuilders ETF,Stock ETFs,US domestic sectors
XLB,NYSE Arca,Materials Select Sector SPDR,Stock ETFs,US domestic sectors
XLE,NYSE Arca,Energy Select Sector SPDR,Stock ETFs,US domestic sectors
XLF,NYSE Arca,Financial Select Sector SPDR,Stock ETFs,US domestic sectors
XLI,NYSE Arca,Industrial Select Sector SPDR,Stock ETFs,US domestic sectors
XLK,NYSE Arca,Technology Select Sector SPDR,Stock ETFs,US domestic sectors
XLP,NYSE Arca,Consumer Staples Select Sector SPDR,Stock ETFs,US domestic sectors
XLU,NYSE Arca,Utilities Select Sector SPDR,Stock ETFs,US domestic sectors
XLV,NYSE Arca,Health Care Select Sector SPDR,Stock ETFs,US domestic sectors
XLY,NYSE Arca,Consumer Discretionary Select Sector SPDR,Stock ETFs,US domestic sectors
XOP,NYSE Arca,SPDR S&P Oil & Gas Explor & Prod ETF,Stock ETFs,US domestic sectors
